{"cameraMode":{"drawMode":0,"name":"Shaded","section":"Shading Mode"},"sceneLighting":true,"audioPlay":false,"sceneViewState":{"showFog":false,"showMaterialUpdate":false,"showSkybox":false,"showFlares":false,"showImageEffects":false,"showParticleSystems":false},"in2DMode":false,"pivot":{"x":3.129051685333252,"y":-1.3560421466827393,"z":11.852548599243164},"rotation":{"x":0.09589207172393799,"y":0.07457882165908814,"z":-0.007203620858490467,"w":0.9925796389579773},"size":21.039920806884767,"orthographic":false}